lien,departement

https://www.infoclimat.fr/cartes/getProxyWebcam.php?idw=417&c=30&t=jpg&561.1011220939463,Informations sur la webcam de Val Thorens () :



https://www.infoclimat.fr/cartes/getProxyWebcam.php?idw=418&c=30&t=jpg&409.5377188982825,Informations sur la webcam de Val Thorens () :



https://www.infoclimat.fr/cartes/getProxyWebcam.php?idw=419&c=30&t=jpg&614.4222653468864,Informations sur la webcam de Val Thorens () :



https://www.infoclimat.fr/cartes/getProxyWebcam.php?idw=420&c=30&t=jpg&46.49343410807916,Informations sur la webcam de Val Thorens () :



https://www.infoclimat.fr/images/webcam_error.png,Informations sur la webcam de Val Thorens () :



https://www.infoclimat.fr/images/webcam_start.png,NULL



https://www.infoclimat.fr/cartes/getProxyWebcam.php?idw=423&c=30&t=jpg&81.72037991427172,Informations sur la webcam de Modane (73) :



https://www.infoclimat.fr/cartes/getProxyWebcam.php?idw=424&c=30&t=jpg&727.0759569689845,Informations sur la webcam de Les M�nuires () :



https://www.infoclimat.fr/cartes/getProxyWebcam.php?idw=425&c=30&t=jpg&711.8160714451445,Informations sur la webcam de Eyne (66) :



https://www.infoclimat.fr/cartes/getProxyWebcam.php?idw=426&c=30&t=jpg&460.94225919888277,Informations sur la webcam de Eyne (66) :



https://www.infoclimat.fr/images/webcam_start.png,NULL



https://www.infoclimat.fr/images/webcam_error.png,Informations sur la webcam de La Toussuire () :



https://www.infoclimat.fr/images/webcam_error.png,Informations sur la webcam de Serre Chevalier () :



https://www.infoclimat.fr/images/webcam_error.png,Informations sur la webcam de Montriond (74) :



https://www.infoclimat.fr/cartes/getProxyWebcam.php?idw=431&c=30&t=jpg&442.27661319580136,Informations sur la webcam de Apremont (01) :



https://www.infoclimat.fr/cartes/getProxyWebcam.php?idw=432&c=30&t=jpg&691.648333635109,Informations sur la webcam de V�niers () :



https://www.infoclimat.fr/cartes/getProxyWebcam.php?idw=433&c=30&t=jpg&542.5202605728944,Informations sur la webcam de Croix-Mare (76) :



https://www.infoclimat.fr/cartes/getProxyWebcam.php?idw=434&c=30&t=jpg&817.7047832356456,Informations sur la webcam de Oloron-Sainte-Marie (64) :



https://www.infoclimat.fr/cartes/getProxyWebcam.php?idw=435&c=30&t=jpg&410.0153500743593,Informations sur la webcam de Saint-Jean-du-Gard (30) :



https://www.infoclimat.fr/cartes/getProxyWebcam.php?idw=436&c=30&t=jpg&828.3718824349621,Informations sur la webcam de Limoux (11) :



https://www.infoclimat.fr/cartes/getProxyWebcam.php?idw=437&c=30&t=jpg&283.2515547571246,Informations sur la webcam de Annot (04) :



https://www.infoclimat.fr/images/webcam_start.png,NULL



https://www.infoclimat.fr/cartes/getProxyWebcam.php?idw=439&c=30&t=jpg&260.9930984278608,Informations sur la webcam de Soucieu-en-Jarrest (69) :



https://www.infoclimat.fr/cartes/getProxyWebcam.php?idw=440&c=30&t=jpg&487.95231759777204,Informations sur la webcam de Saint-Hilaire-de-Brethmas (30) :



https://www.infoclimat.fr/images/webcam_error.png,Informations sur la webcam de Ilonse (06) :



https://www.infoclimat.fr/images/webcam_start.png,NULL



https://www.infoclimat.fr/images/webcam_error.png,Informations sur la webcam de Nice (06) :



https://www.infoclimat.fr/images/webcam_start.png,NULL



https://www.infoclimat.fr/images/webcam_start.png,NULL



https://www.infoclimat.fr/images/webcam_error.png,Informations sur la webcam de Cours-la-Ville (69) :



https://www.infoclimat.fr/images/webcam_start.png,NULL



https://www.infoclimat.fr/cartes/getProxyWebcam.php?idw=448&c=30&t=jpg&967.6912178334219,Informations sur la webcam de Pouzols-Minervois (11) :



https://www.infoclimat.fr/images/webcam_start.png,NULL



https://www.infoclimat.fr/images/webcam_start.png,NULL



https://www.infoclimat.fr/images/webcam_start.png,NULL



https://www.infoclimat.fr/images/webcam_start.png,NULL



https://www.infoclimat.fr/cartes/getProxyWebcam.php?idw=453&c=30&t=jpg&767.504488251511,Informations sur la webcam de Jarrier (73) :



https://www.infoclimat.fr/cartes/getProxyWebcam.php?idw=454&c=30&t=jpg&554.7831794701314,Informations sur la webcam de La Ferri�re (38) :



https://www.infoclimat.fr/images/webcam_start.png,NULL



https://www.infoclimat.fr/images/webcam_start.png,NULL



https://www.infoclimat.fr/images/webcam_error.png,Informations sur la webcam de Baladou (46) :



https://www.infoclimat.fr/cartes/getProxyWebcam.php?idw=458&c=30&t=jpg&126.26028042003612,Informations sur la webcam de Pau (64) :



https://www.infoclimat.fr/cartes/getProxyWebcam.php?idw=459&c=30&t=jpg&217.28177700789064,Informations sur la webcam de Jarrier (73) :



https://www.infoclimat.fr/cartes/getProxyWebcam.php?idw=460&c=30&t=jpg&468.29531218886376,Informations sur la webcam de Maul�on-Licharre (64) :



https://www.infoclimat.fr/cartes/getProxyWebcam.php?idw=461&c=30&t=jpg&22.017409798800625,Informations sur la webcam de Egletons (19) :



https://www.infoclimat.fr/images/webcam_start.png,NULL



https://www.infoclimat.fr/images/webcam_start.png,NULL



https://www.infoclimat.fr/cartes/getProxyWebcam.php?idw=464&c=30&t=jpg&647.4013860669406,Informations sur la webcam de L�ran (09) :



https://www.infoclimat.fr/cartes/getProxyWebcam.php?idw=465&c=30&t=jpg&251.96565480570476,Informations sur la webcam de La Chaux (25) :



https://www.infoclimat.fr/images/webcam_start.png,NULL



https://www.infoclimat.fr/images/webcam_start.png,NULL



https://www.infoclimat.fr/images/webcam_start.png,NULL



https://www.infoclimat.fr/cartes/getProxyWebcam.php?idw=469&c=30&t=jpg&813.689519647844,Informations sur la webcam de Saint-Cyprien-Plage () :

